z,DV,sigma_DV
0.295,7.92512927,0.15074178087046736
1.491,26.07217182,0.6686815318221373
