z,DV,sigma_DV
0.295,0.272186662223,0.005177190276
1.491,0.895442482113,0.0229657066827
